сво,118
все,105
онегин,93
мо,89
татья,77
душ,73
сердц,72
друг,66
лет,65
наш,64
одн,59
мил,58
ил,58
пор,57
свет,54
евген,50
жизн,45
поэт,44
л,42
рук,40
эт,40
ленск,40
друз,39
б,39
тан,39
нем,38
ваш,38
люб,37
взор,37
слов,36
ум,34
прост,34
мог,33
вид,33
дом,33
пред,33
полн,33
перв,32
шум,32
стих,30
молод,30
дел,30
верн,30
нам,30
мечт,29
котор,29
слез,29
любов,29
давн,29
пол,29
сред,29
ольг,29
глав,28
долг,28
дев,28
ноч,27
стол,27
любв,27
сад,26
чита,26
меж,26
чувств,26
сон,26
ден,25
печальн,25
час,25
дам,25
цел,25
тайн,25
зим,25
татьян,25
рома,24
мысл,24
жив,24
нов,24
весел,24
тен,24
так,24
стал,23
письм,23
внов,23
сем,23
снег,23
гост,23
гор,23
судьб,22
нежн,22
тих,22
сосед,22
лун,22
говор,22
как,21
слав,21
довольн,21
страст,21
быва,21
млад,21
врем,21
старин,21
неб,21
гляд,21
вод,20
тоск,20
ран,20
год,20
бедн,20
реч,20
утр,20
скор,20
сам,19
дума,19
родн,19
надежд,19
бог,19
разговор,19
важн,19
готов,19
стар,19
лиц,19
модн,19
след,19
лиш,19
деревн,19
глаз,19
легк,18
жен,18
вечер,18
темн,18
окн,18
ин,18
том,18
язык,18
тво,18
нян,18
xiv,17
се,17
двор,17
писа,17
знал,17
зат,17
сердечн,17
цвет,17
сен,17
русск,17
люд,17
ах,17
мир,17
ii,16
iii,16
iv,16
vi,16
vii,16
viii,16
ix,16
x,16
xi,16
xii,16
xiii,16
xv,16
xvi,16
xvii,16
xviii,16
xix,16
xx,16
xxi,16
xxii,16
xxiii,16
xxiv,16
xxv,16
xxvi,16
xxvii,16
xxviii,16
xxix,16
xxx,16
xxxi,16
xxxii,16
xxxiii,16
xxxiv,16
xxxv,16
xxxvi,16
xxxvii,16
xxxviii,16
xxxix,16
xl,16
мал,16
дне,16
заб,16
соб,16
дни,16
груд,16
не,16
зна,16
оч,16
ужел,16
книг,15
i,15
горд,15
мод,15
труд,15
муж,15
вин,15
кажд,15
толп,15
уст,15
волн,15
круг,15
остав,15
мно,15
муз,15
дорог,15
он,15
читател,14
v,14
xli,14
холодн,14
прав,14
добр,14
бал,14
очен,14
та,14
томн,14
молв,14
лес,14
весн,14
голов,14
ко,14
част,14
рад,14
должн,14
страшн,14
слуша,14
бледн,14
двер,14
москв,14
прекрасн,13
дум,13
вдохновен,13
вол,13
суд,13
улыбк,13
сказа,13
вер,13
пламен,13
тишин,13
пок,13
зал,13
кон,13
крас,13
пустын,13
пер,13
враг,13
слыш,13
яв,13
смирен,13
мечтан,13
молч,13
пошл,13
сил,13
наход,13
сид,13
xlii,12
xliii,12
xliv,12
xlv,12
ясн,12
скук,12
черт,12
шут,12
строг,12
реш,12
спор,12
помн,12
умел,12
век,12
глуш,12
супруг,12
постел,12
везд,12
шумн,12
скучн,12
ног,12
ножк,12
больш,12
нег,12
прям,12
взгляд,12
любл,12
две,12
снов,12
красавиц,12
толк,12
жар,12
прежн,12
бур,12
стран,12
пут,12
пен,12
чест,12
нынч,12
зар,12
пуст,12
сквоз,12
едв,12
l,11
замет,11
хран,11
дит,11
всем,11
бран,11
огн,11
глубок,11
невин,11
приятн,11
невольн,11
едет,11
юн,11
волшебн,11
сто,11
идет,11
сторон,11
предмет,11
желан,11
спит,11
пир,11
поздн,11
чуж,11
рек,11
ком,11
владимир,11
вечн,11
девиц,11
природ,11
xlvi,10
de,10
хотел,10
теб,10
бож,10
груст,10
свобод,10
правд,10
земл,10
быстр,10
старик,10
утрен,10
смел,10
дан,10
глас,10
те,10
буд,10
картин,10
смотр,10
ув,10
нрав,10
луг,10
прелестн,10
кров,10
преда,10
прелест,10
песн,10
руч,10
брод,10
плеч,10
дал,10
волнен,10
измен,10
откр,10
тесн,10
строф,10
старушк,10
тоб,10
да,10
двух,10
пистолет,10
xlvii,9
проч,9
геро,9
брег,9
нев,9
ход,9
юност,9
последн,9
счастлив,9
нын,9
звук,9
мук,9
отрад,9
послушн,9
равнодушн,9
дыш,9
минут,9
обед,9
ког,9
ждет,9
гот,9
вход,9
уединен,9
чист,9
человек,9
ревнив,9
подобн,9
ветрен,9
вам,9
грустн,9
длин,9
бурн,9
воображен,9
точн,9
об,9
ночн,9
задумчив,9
ждал,9
голос,9
сладк,9
берег,9
прошл,9
крыльц,9
красн,9
бесед,9
ча,9
узна,9
игра,9
подруг,9
плака,9
леж,9
тяжел,9
встреч,9
крест,9
ответ,9
всяк,9
вмест,9
зовет,9
медвед,9
зарецк,9
одесс,9
xlviii,8
xlix,8
li,8
высок,8
плод,8
княз,8
больн,8
жил,8
отец,8
мятежн,8
вдал,8
каза,8
явля,8
тревож,8
разда,8
крик,8
увер,8
звон,8
кра,8
хор,8
уныл,8
лорнет,8
бо,8
заня,8
чудак,8
гер,8
мест,8
отц,8
счаст,8
однак,8
мор,8
лир,8
им,8
вздох,8
сожален,8
таинствен,8
сельск,8
досуг,8
безумн,8
глуп,8
хладн,8
луч,8
пел,8
дет,8
звезд,8
склон,8
дол,8
грандисон,8
тверд,8
нос,8
проход,8
ларин,8
чудн,8
известн,8
скаж,8
влюбл,8
вся,8
хот,8
долин,8
приеха,8
стру,8
солнц,8
пят,7
дружб,7
представ,7
свят,7
пестр,7
небрежн,7
наук,7
шаг,7
пыл,7
приятел,7
блиста,7
гуля,7
пришл,7
одет,7
мазурк,7
мног,7
имел,7
золот,7
равн,7
французск,7
богин,7
безмолвн,7
навод,7
вокруг,7
господ,7
дух,7
ногт,7
франт,7
мер,7
провод,7
мелька,7
младост,7
блеск,7
пар,7
жела,7
пылк,7
мучен,7
бутылк,7
гостин,7
вздор,7
полк,7
обма,7
светл,7
стоя,7
знак,7
злат,7
байрон,7
ник,7
блаж,7
благослов,7
черн,7
сомнен,7
печал,7
то,7
дик,7
гроб,7
призна,7
привычк,7
мгновен,7
кажет,7
бед,7
жал,7
погруж,7
небес,7
отда,7
видн,7
страх,7
суров,7
презрен,7
стыд,7
видет,7
никт,7
тихоньк,7
здоров,7
хозяйк,7
лист,7
иска,7
встрет,7
напрасн,7
встреча,7
критик,7
бел,7
сан,7
нескольк,7
трет,6
la,6
достойн,6
простот,6
собран,6
спеш,6
шутк,6
застав,6
вздыха,6
род,6
некогд,6
сперв,6
эпиграмм,6
конц,6
охот,6
поня,6
истин,6
занима,6
лен,6
умилен,6
признан,6
величав,6
праздник,6
покамест,6
нача,6
ро,6
зева,6
лож,6
кип,6
блистательн,6
окруж,6
мужчин,6
кабинет,6
крайн,6
выход,6
виж,6
улиц,6
ряд,6
блест,6
хоч,6
пиш,6
радост,6
сне,6
северн,6
похва,6
заветн,6
пес,6
спокойн,6
счастл,6
наслажден,6
остр,6
замеча,6
сует,6
предан,6
игр,6
благосклон,6
тотчас,6
ел,6
завод,6
холм,6
бол,6
мирн,6
деревенск,6
сны,6
сохран,6
идеа,6
рифм,6
творен,6
опасн,6
тума,6
привез,6
благ,6
поэтическ,6
разлук,6
бежа,6
смешн,6
славн,6
нич,6
един,6
ве,6
вспомн,6
приход,6
горьк,6
сед,6
далек,6
навсегд,6
журнал,6
миг,6
уб,6
упоен,6
прочел,6
плен,6
невест,6
пода,6
светск,6
благородн,6
печа,6
автор,6
барышн,6
сюд,6
осен,6
несет,6
чрез,6
буян,6
трик,6
недавн,6
еха,6
ворот,6
княгин,6
пушкин,5
шест,5
залог,5
поэз,5
заба,5
вяземск,5
честн,5
вред,5
дава,5
француз,5
слегк,5
увидел,5
мнен,5
учен,5
живет,5
конч,5
степ,5
ожида,5
лукав,5
несут,5
морозн,5
жажд,5
прос,5
балет,5
знаком,5
сцен,5
чужд,5
нетерпелив,5
медлен,5
пух,5
видел,5
фонар,5
вкус,5
избра,5
замеч,5
случа,5
назва,5
описа,5
карет,5
народ,5
почтен,5
такж,5
сих,5
росс,5
камин,5
скал,5
роз,5
лан,5
дым,5
обрат,5
завтр,5
свободн,5
привычн,5
прежд,5
умн,5
удал,5
отста,5
призрак,5
воспоминан,5
стекл,5
беспечн,5
пленя,5
жадн,5
жреб,5
смерт,5
послан,5
свидан,5
заран,5
нашел,5
рощ,5
звучн,5
портрет,5
гордост,5
кстат,5
ожив,5
тревог,5
сел,5
густ,5
отвор,5
подава,5
домашн,5
пьет,5
общ,5
имен,5
блаженств,5
искусств,5
девствен,5
дальн,5
дар,5
селен,5
камен,5
сужден,5
пуска,5
плем,5
роков,5
понима,5
юнош,5
веда,5
вражд,5
рассказ,5
забыт,5
глух,5
небесн,5
прогулк,5
вечерн,5
сестр,5
вперв,5
девич,5
итак,5
девочк,5
вест,5
вел,5
проказ,5
звонк,5
встава,5
вида,5
княжн,5
спрос,5
альбом,5
покойн,5
чин,5
памятник,5
проща,5
пошел,5
отвеча,5
досад,5
любовник,5
забвен,5
роман,5
кумир,5
грозн,5
страстн,5
гон,5
свод,5
недел,5
сия,5
пишет,5
долж,5
любезн,5
знат,5
тиш,5
встал,5
сдела,5
возврат,5
брат,5
знач,5
берет,5
уездн,5
qu,5
элег,5
мертв,5
зимн,5
скольз,5
поскор,5
огон,5
угол,5
резв,5
оленьк,5
пьян,5
дерев,5
вал,5
ветв,5
трепетн,5
рог,5
грем,5
оста,5
си,5
поклон,5
стул,5
подыма,5
увя,5
могл,5
взят,5
недвиж,5
возок,5
европ,5
вошел,4
чтен,4
утрат,4
lii,4
liii,4
liv,4
lv,4
втор,4
седьм,4
отрывк,4
путешеств,4
il,4
d,4
les,4
забав,4
прим,4
дяд,4
повес,4
почтов,4
monsieur,4
смен,4
уч,4
летн,4
понемног,4
молчан,4
нежда,4
вышл,4
эпиграф,4
грех,4
минувш,4
поч,4
нужн,4
имеет,4
мрачн,4
молчал,4
пуга,4
лов,4
ласк,4
наедин,4
блажен,4
ласка,4
зовут,4
детск,4
широк,4
пад,4
серебр,4
лучш,4
зло,4
озер,4
найдет,4
был,4
полон,4
надоел,4
устал,4
осьмнадца,4
русс,4
одежд,4
наряд,4
слог,4
горазд,4
меньш,4
ступен,4
музык,4
занят,4
теснот,4
шепот,4
услуг,4
страда,4
тревожат,4
ковр,4
чугун,4
гран,4
черед,4
встает,4
кувшин,4
проснул,4
голуб,4
однообразн,4
вседневн,4
ост,4
успел,4
несносн,4
рожда,4
взял,4
бред,4
обо,4
злост,4
прозрачн,4
чувствительн,4
оперш,4
внук,4
придет,4
ветр,4
корабл,4
похорон,4
почт,4
посвят,4
закон,4
летуч,4
клевет,4
повторя,4
поэм,4
образ,4
вопрос,4
умильн,4
близ,4
нив,4
замок,4
поко,4
тетрад,4
расход,4
глядел,4
задума,4
раб,4
угл,4
увид,4
снача,4
подход,4
повод,4
поклонник,4
порыв,4
простодушн,4
благоразумн,4
богат,4
прид,4
проз,4
лед,4
верх,4
дела,4
совершенств,4
прилежн,4
чащ,4
станов,4
запоздал,4
клон,4
доверчив,4
повест,4
скромн,4
движен,4
звал,4
просвещен,4
молчалив,4
лесн,4
узор,4
оживля,4
город,4
хоровод,4
постепен,4
праздн,4
забот,4
совет,4
работ,4
сход,4
сим,4
дожд,4
е,4
ничтожн,4
et,4
кратк,4
молча,4
явлен,4
ласков,4
сладостн,4
де,4
лад,4
порок,4
венок,4
бес,4
мгле,4
плач,4
мольб,4
капл,4
бров,4
самолюбив,4
своенравн,4
кокетк,4
донын,4
трепет,4
певец,4
нежност,4
мат,4
укор,4
дрож,4
сиян,4
барск,4
наста,4
блист,4
назад,4
алл,4
куст,4
песенк,4
ярч,4
губ,4
любовн,4
тяжк,4
жертв,4
успех,4
оставля,4
поутр,4
соглас,4
вихор,4
страдан,4
смятен,4
доск,4
киприд,4
баратынск,4
гром,4
од,4
певц,4
журна,4
благословен,4
подоб,4
раздел,4
шип,4
забор,4
кибитк,4
сул,4
дрожа,4
очк,4
сме,4
никак,4
ним,4
занес,4
подня,4
мельниц,4
смут,4
мартын,4
задек,4
однажд,4
чет,4
куплет,4
вперед,4
слуг,4
начина,4
холод,4
упрям,4
восклицан,4
пойд,4
сильн,4
книжк,4
сумрак,4
пышн,4
льет,4
генера,4
шатр,4
син,4
le,4
je,4
употребля,4
см,4
школ,3
почита,3
четверт,3
qui,3
un,3
вниман,3
горестн,3
тороп,3
чувствова,3
уважа,3
забавля,3
подушк,3
позвольт,3
убог,3
морал,3
шалост,3
совершен,3
кланя,3
педант,3
постав,3
име,3
бил,3
блестя,3
итал,3
лест,3
урок,3
сет,3
убор,3
над,3
брегет,3
пробк,3
роскош,3
кухн,3
пирог,3
театр,3
полетел,3
вольност,3
слыша,3
дидл,3
внемл,3
замен,3
услыш,3
терпсихор,3
круж,3
бьет,3
двойн,3
ужасн,3
бьют,3
наскуч,3
вышел,3
изображ,3
обильн,3
голодн,3
украша,3
трубк,3
крив,3
тридцат,3
сумасброд,3
бесплодн,3
обыча,3
любопытн,3
стремгла,3
поскака,3
вдол,3
мим,3
стрел,3
лета,3
прош,3
вслед,3
держ,3
женск,3
охладел,3
вешн,3
восточн,3
роскошн,3
диа,3
ланит,3
наград,3
паркет,3
гроз,3
кипя,3
томлен,3
надмен,3
неугомон,3
пробужд,3
купец,3
открыт,3
восход,3
колпак,3
побед,3
изм,3
причин,3
английск,3
сплин,3
хандр,3
овладел,3
захотел,3
вовс,3
угрюм,3
сплетн,3
нескромн,3
ничт,3
скуч,3
высш,3
тон,3
вообщ,3
петербургск,3
попа,3
задорн,3
совест,3
различн,3
очарован,3
смуща,3
привык,3
лик,3
зелен,3
начал,3
пи,3
рожок,3
нап,3
увиж,3
вольн,3
начн,3
увидет,3
срок,3
ненавид,3
пил,3
хозяин,3
порядк,3
страж,3
рожд,3
безотрадн,3
священ,3
вослед,3
пойма,3
заслуж,3
скуча,3
стад,3
огромн,3
приют,3
стро,3
отмен,3
нужд,3
сорок,3
мудрец,3
расчетлив,3
оскорб,3
ту,3
помещик,3
разбор,3
геттингенск,3
восторжен,3
согрет,3
привет,3
соедин,3
озар,3
негодован,3
волнова,3
туман,3
лон,3
острот,3
шепчут,3
принос,3
меша,3
размышлен,3
власт,3
шевел,3
счит,3
исповед,3
обнажа,3
пленен,3
младенческ,3
венц,3
пчел,3
восторг,3
полюб,3
локон,3
безмерн,3
страниц,3
доста,3
румян,3
матер,3
сидел,3
шелков,3
примет,3
кукл,3
брал,3
темнот,3
смех,3
балкон,3
небосклон,3
ветер,3
отуманен,3
ленив,3
ричардсон,3
дочк,3
ловлас,3
кузин,3
игрок,3
рассея,3
разумн,3
вскор,3
знает,3
бан,3
n,3
альб,3
халат,3
кат,3
ужин,3
спат,3
жирн,3
роня,3
блюд,3
детьм,3
барин,3
прах,3
надгробн,3
разум,3
напомн,3
чья,3
памя,3
трудн,3
нима,3
варен,3
украдк,3
свадьб,3
жарк,3
умолк,3
заботлив,3
юл,3
гоним,3
небылиц,3
мельмот,3
лорд,3
романтизм,3
угроз,3
семейств,3
несчастн,3
любовниц,3
недвижн,3
солов,3
напев,3
душн,3
злых,3
велел,3
молож,3
спас,3
знаеш,3
девушк,3
ужас,3
надп,3
внуша,3
изумлен,3
робк,3
хладнокровн,3
цен,3
недоумен,3
ок,3
всечасн,3
предвиж,3
перевест,3
плох,3
слаб,3
ошибк,3
посред,3
жалост,3
неопытн,3
смир,3
времен,3
сужд,3
посла,3
вмиг,3
ангел,3
порук,3
спуст,3
поток,3
вечор,3
записк,3
непонятн,3
сегодн,3
клуб,3
мальчик,3
легч,3
взглянут,3
скам,3
подума,3
изда,3
вним,3
блещет,3
шалун,3
останов,3
следств,3
отдохнут,3
dans,3
труб,3
каблук,3
парик,3
возражен,3
восем,3
волоч,3
вист,3
тронут,3
погруз,3
привел,3
хвал,3
скольк,3
нахмур,3
серд,3
гнев,3
вкруг,3
поступ,3
надежн,3
услужлив,3
суетн,3
угада,3
беж,3
листк,3
sur,3
гробов,3
рифмач,3
проворн,3
толст,3
глубин,3
мадригал,3
текут,3
уток,3
коф,3
почу,3
храп,3
пастух,3
трещ,3
радостн,3
вьет,3
кровл,3
сна,3
расчет,3
туп,3
ки,3
бильярд,3
клик,3
глупост,3
изменя,3
борд,3
au,3
дружеск,3
бока,3
соседк,3
ночлег,3
ярк,3
пушист,3
гада,3
рассыпа,3
несчаст,3
лжет,3
зерка,3
прибор,3
сосн,3
метел,3
уш,3
порог,3
кладет,3
верт,3
ла,3
хохот,3
топ,3
кричат,3
шайк,3
хочет,3
ус,3
блеснул,3
громч,3
комнат,3
багрян,3
вывод,3
возраст,3
петушк,3
мос,3
belle,3
напечата,3
новост,3
девчонк,3
сажа,3
тал,3
благодар,3
смущен,3
окол,3
пул,3
верст,3
учтив,3
ясност,3
прощ,3
дремлет,3
позаб,3
осужда,3
дружн,3
тридца,3
лежа,3
чел,3
опустел,3
сверш,3
расста,3
баб,3
поет,3
шляп,3
сбежа,3
кел,3
полукруг,3
могил,3
обня,3
хил,3
ула,3
пыла,3
шла,3
мальчишк,3
приня,3
пораж,3
мост,3
станц,3
купц,3
сын,3
повсюд,3
внемлет,3
таврид,3
слишк,3
обраща,3
нин,3
тонк,3
ра,3
шлют,3
щек,3
справедлив,3
девят,3
особен,3
стихотворен,3
ресторатор,3
blanc,3
sa,3
издан,3
тех,2
миллион,2
александр,2
сергеевич,2
lvi,2
lvii,2
lviii,2
lix,2
lx,2
восьм,2
notes,2
encore,2
avec,2
comme,2
une,2
исполнен,2
пристрастн,2
простонародн,2
идеальн,2
увядш,2
выдума,2
отход,2
низк,2
поправля,2
поднос,2
зевес,2
наследник,2
предислов,2
север,2
madame,2
ребенок,2
измуч,2
докуча,2
dandy,2
лондонск,2
изъясня,2
немудр,2
блеснут,2
талант,2
коснут,2
знаток,2
возбужда,2
разбира,2
памят,2
щад,2
отлич,2
пересказа,2
ген,2
воспел,2
молдав,2
лицемер,2
изныва,2
внимательн,2
неж,2
мол,2
доб,2
кокеток,2
записн,2
язвительн,2
злослов,2
ученик,2
проказник,2
начнет,2
бульвар,2
простор,2
санк,2
окровавлен,2
сыр,2
горяч,2
обожател,2
очаровательн,2
кулис,2
entrechat,2
клеопатр,2
вызва,2
катенин,2
воскрес,2
венча,2
несл,2
устрем,2
разочарова,2
зрител,2
воспомина,2
блещут,2
нимф,2
стан,2
хлопа,2
незнаком,2
недовол,2
рассеян,2
отворот,2
переста,2
кучер,2
раздет,2
прихот,2
торг,2
изнежен,2
гранен,2
стальн,2
зуб,2
грим,2
непра,2
чем,2
зеркал,2
венер,2
маскарад,2
туалет,2
жилет,2
иноплемен,2
встар,2
словар,2
померкш,2
великолепн,2
гол,2
мраморн,2
уста,2
шпор,2
пленительн,2
рев,2
маменьк,2
разн,2
вряд,2
стройн,2
взлелея,2
мягк,2
прикосновен,2
забыва,2
исчезл,2
влечет,2
своевольн,2
мурав,2
бегущ,2
перс,2
волшебниц,2
полусон,2
ставн,2
отворя,2
васисдас,2
полноч,2
полден,2
вчер,2
вотщ,2
здор,2
утом,2
разлюб,2
недуг,2
отыска,2
короч,2
бостон,2
трога,2
причудниц,2
неприступн,2
унос,2
дрожк,2
мостов,2
покинул,2
зев,2
бездел,2
душевн,2
пустот,2
усел,2
присво,2
смысл,2
устарел,2
новизн,2
женщин,2
пыльн,2
резк,2
охлажден,2
злоб,2
презира,2
невозвратим,2
зми,2
раскаян,2
попол,2
воспомн,2
дыхан,2
упива,2
перенес,2
отдален,2
мильон,2
раздава,2
торкватов,2
альбион,2
говорлив,2
петрарк,2
брож,2
жду,2
погод,2
бег,2
полуден,2
зыб,2
сумрачн,2
сконча,2
собра,2
издалек,2
получ,2
доклад,2
денег,2
прилет,2
покойник,2
съезжа,2
недруг,2
досел,2
перемен,2
дня,2
прохлад,2
журчан,2
дворц,2
бега,2
far,2
niente,2
бездейств,2
насмешлив,2
издател,2
снил,2
салгир,2
че,2
горячк,2
успоко,2
союз,2
рис,2
вспыхнет,2
двадца,2
план,2
отд,2
ид,2
невск,2
уголок,2
господск,2
речк,2
цвел,2
дриад,2
обветша,2
ключниц,2
смотрел,2
мух,2
шкаф,2
пухов,2
нигд,2
календар,2
осьм,2
порядок,2
яр,2
надул,2
езжа,2
обыкновен,2
поступк,2
ручк,2
соседств,2
герман,2
кудр,2
разврат,2
невежд,2
загадк,2
изныв,2
прия,2
дрогнет,2
клеветник,2
одар,2
шиллер,2
возвышен,2
безмятежн,2
романтическ,2
лил,2
соседствен,2
хорош,2
холост,2
самовар,2
дун,2
чертог,2
уз,2
нест,2
сошл,2
неразлучн,2
предрассудк,2
наполеон,2
сносн,2
исключен,2
стара,2
удержа,2
договор,2
чред,2
внима,2
охлажда,2
дед,2
капита,2
коварн,2
инвалид,2
охотн,2
слух,2
хижин,2
осужд,2
свидетел,2
дубрав,2
знаем,2
лампад,2
посвяща,2
тьмы,2
поцел,2
возьм,2
жеманств,2
красот,2
свежест,2
боязлив,2
прыга,2
пальц,2
властвова,2
приготовля,2
маленьк,2
веет,2
облада,2
восток,2
почива,2
свеч,2
влюбля,2
дрема,2
предпочл,2
алин,2
московск,2
невол,2
уеха,2
кем,2
развел,2
зам,2
сол,2
суббот,2
нарасп,2
корсет,2
узк,2
н,2
перевел,2
зват,2
чепец,2
едут,2
раз,2
кругл,2
воздух,2
венец,2
умер,2
чистосердечн,2
дмитр,2
посет,2
искрен,2
мадрига,2
бразд,2
поколен,2
зреют,2
растет,2
прадед,2
закр,2
прослав,2
слага,2
будущ,2
elle,2
était,2
помил,2
отсел,2
скотн,2
эклог,2
cetera,2
поед,2
обряд,2
блюдечк,2
став,2
брусничн,2
послуша,2
светла,2
вошл,2
сух,2
догадк,2
жених,2
тайк,2
неизъясним,2
падш,2
докучн,2
проклина,2
неожида,2
приезд,2
присест,2
обольстительн,2
создан,2
вольмар,2
линар,2
мечтательниц,2
слил,2
героин,2
шепчет,2
творец,2
образец,2
любим,2
пит,2
наказа,2
вампир,2
корсар,2
перестан,2
закат,2
перескаж,2
лип,2
ревност,2
поссор,2
лью,2
тира,2
ослепительн,2
вообража,2
искусител,2
ступ,2
покрыт,2
настанет,2
дозор,2
худ,2
расскаж,2
слыха,2
ван,2
тринадца,2
нездоров,2
хочеш,2
шепта,2
озаря,2
под,2
облокот,2
див,2
ад,2
поведен,2
привлеч,2
тщеслав,2
невольник,2
хитр,2
выража,2
дамск,2
втайн,2
разъезд,2
шал,2
чепц,2
грамматическ,2
вняв,2
моля,2
грамматик,2
неправильн,2
лепет,2
галлицизм,2
будут,2
переда,2
перевод,2
разыгра,2
поверьт,2
нашл,2
добродетельн,2
хранител,2
сновиден,2
запыла,2
услажда,2
шепнул,2
разреш,2
розов,2
сохнет,2
гаснет,2
поникш,2
боя,2
одолжен,2
извол,2
называ,2
бестолков,2
недогадлив,2
ольгин,2
потуп,2
чашк,2
душист,2
пальчик,2
вензел,2
топот,2
ближ,2
смеет,2
куртин,2
лесок,2
пышет,2
нейдет,2
служанк,2
ягод,2
наказ,2
заман,2
молодц,2
вишен,2
поют,2
трепетан,2
мотылек,2
крыл,2
трепещет,2
des,2
предрассужден,2
клятв,2
мним,2
кольц,2
теток,2
очарова,2
зевот,2
приезжа,2
уезжа,2
поедет,2
подошел,2
умолкнувш,2
семействен,2
кром,2
днем,2
назнач,2
меня,2
ведет,2
оперл,2
огород,2
скобк,2
ободрен,2
площадн,2
стократ,2
гм,2
навеща,2
аршин,2
сладост,2
пропа,2
одева,2
замуж,2
стесня,2
ол,2
шатобриа,2
бредн,2
зан,2
голубк,2
прочита,2
будуч,2
разрознен,2
крич,2
отвсюд,2
торжествен,2
припомн,2
поспор,2
выш,2
впрям,2
развлеч,2
шуток,2
сладкозвучн,2
подробн,2
отправля,2
перебир,2
свеж,2
праздничн,2
карикатур,2
южн,2
гус,2
юг,2
приближа,2
волк,2
дорожн,2
путник,2
избушк,2
мороз,2
льдом,2
коньк,2
лапк,2
бережн,2
пада,2
скака,2
неверн,2
поверя,2
гарольд,2
накр,2
тройк,2
лошад,2
мерзл,2
принес,2
сверка,2
товарищ,2
оказа,2
здравств,2
потух,2
зол,2
уход,2
собак,2
именин,2
зов,2
куч,2
стака,2
гим,2
утомительн,2
весен,2
цветок,2
торжеству,2
обновля,2
плетет,2
дворов,2
посад,2
крещенск,2
барышен,2
воен,2
поход,2
снам,2
предсказан,2
предчувств,2
жема,2
кот,2
лев,2
старост,2
потеря,2
потоплен,2
по,2
кошурк,2
месяц,2
звуч,2
агафон,2
ворож,2
легл,2
снит,2
снегов,2
сугроб,2
мосток,2
полож,2
досадн,2
космат,2
кряхт,2
клок,2
вершин,2
наг,2
кол,2
сук,2
ше,2
платок,2
упа,2
хвата,2
шалаш,2
ведьм,2
чопорн,2
карл,2
череп,2
машет,2
хлоп,2
людск,2
конск,2
страш,2
немн,2
мет,2
толкнул,2
привиден,2
сокр,2
ал,2
мудр,2
коч,2
взяв,2
мрак,2
пустяк,2
гвоздин,2
мужик,2
картуз,2
флян,2
сплетник,2
харликов,2
альманах,2
ближн,2
куша,2
идут,2
прот,2
рюмок,2
смеют,2
настеж,2
отвод,2
дурн,2
приветств,2
капа,2
обморок,2
опуст,2
взбес,2
кристалл,2
освобод,2
влажн,2
осанк,2
плеск,2
вправд,2
подсел,2
вальс,2
мщен,2
продолжа,2
собствен,2
рам,2
жмет,2
котильон,2
возможн,2
хитрост,2
треб,2
a,2
non,2
скрыл,2
бесконечн,2
половин,2
сном,2
проникнут,2
гибел,2
философическ,2
злу,2
попада,2
сражен,2
гряз,2
забавн,2
мороч,2
дурач,2
горац,2
удивл,2
вруч,2
дуэл,2
посл,2
объяснен,2
рассвет,2
курок,2
ненавидет,2
поединк,2
могильн,2
случайн,2
сжал,2
ящик,2
объемлет,2
денниц,2
урн,2
петух,2
завес,2
гил,2
туфл,2
боев,2
примча,2
ствол,2
двум,2
секундант,2
пожал,2
вступ,2
злобн,2
струйк,2
плащ,2
четыр,2
смертн,2
проб,2
искр,2
конец,2
дохнул,2
алтар,2
текл,2
сраж,2
клад,2
знан,2
гимн,2
отдыха,2
остановля,2
поневол,2
пасмурн,2
убийц,2
мара,2
позна,2
промча,2
вполн,2
исполн,2
дремот,2
прилета,2
ожесточ,2
очерствет,2
окаменет,2
мертвя,2
омут,2
купа,2
доч,2
полев,2
погибш,2
оживлен,2
возрожден,2
левшин,2
тепл,2
соблазнительн,2
заста,2
градск,2
оставьт,2
пойдемт,2
безымен,2
туд,2
ручеек,2
липов,2
усыплен,2
сердит,2
дочер,2
покр,2
жесток,2
взглян,2
анис,2
побежа,2
ключ,2
спасен,2
показа,2
замечан,2
карандаш,2
причуд,2
парод,2
бегут,2
гусар,2
мелк,2
матушк,2
ох,2
провинциальн,2
туч,2
изб,2
ведут,2
кляч,2
трактир,2
высокопарн,2
российск,2
езд,2
тащ,2
близк,2
колокол,2
блужда,2
петровск,2
пожар,2
тетк,2
чахотк,2
калмык,2
mon,2
ange,2
pachette,2
различа,2
бабушк,2
тетушк,2
петрович,2
неблагосклон,2
мелькан,2
поража,2
чудесн,2
безумств,2
стрем,2
далеч,2
налев,2
поздрав,2
множеств,2
fare,2
thee,2
well,2
for,2
ever,2
цицерон,2
буйн,2
кавказ,2
морск,2
столиц,2
посеща,2
раут,2
степн,2
неосторожн,2
посредствен,2
выгодн,2
женат,2
частн,2
очеред,2
глядет,2
притворн,2
весьм,2
добровольн,2
du,2
улыба,2
ниж,2
найт,2
vulgar,2
поминутн,2
смутн,2
шевельнул,2
покорн,2
деся,2
прерыва,2
живост,2
глупц,2
войн,2
журнальн,2
приговор,2
влюблен,2
похож,2
подъемлет,2
бледнет,2
хлопочет,2
постыл,2
связа,2
биш,2
sempre,2
bene,2
печатн,2
строк,2
сказк,2
benedetta,2
idol,2
mio,2
грязн,2
знатн,2
выпуст,2
сочинен,2
публик,2
крут,2
машук,2
парус,2
знойн,2
вброд,2
небольш,2
площад,2
устриц,2
а,2
игрив,2
писател,2
moi,2
croire,2
ses,2
ongles,2
чистк,2
щеточк,2
описан,2
лат,2
университет,2
федор,2
мальфилатр,2
фр,2
заимствова,2
неккер,2
политическ,2
деятел,2
холоп,2
бов,2
гадательн,2
э,2
римск,2
annotation,1
обязательн,1
изучен,1
средн,1
общеобразовательн,1
центральн,1
событ,1
литературн,1
пушкинск,1
шедевр,1
популярн,1
pétri,1
vanité,1
avait,1
plus,1
cette,1
espèce,1
orgueil,1
fait,1
avouer,1
même,1
indifférence,1
bonnes,1
mauvaises,1
actions,1
suite,1
sentiment,1
supériorité,1
imaginaire,1
tiré,1
lettre,1
particulière,1
he,1
возлюб,1
полусмешн,1
полупечальн,1
бессонниц,1
незрел,1
наблюден,1
жит,1
занемог,1
пример,1
сидет,1
коварств,1
полужив,1
лекарств,1
возьмет,1
всевышн,1
людмил,1
русла,1
познаком,1
служ,1
ежегодн,1
промота,1
рез,1
abbé,1
прогна,1
остриж,1
танцева,1
непринужден,1
воспитан,1
решительн,1
принужден,1
латын,1
потолкова,1
ювенал,1
vale,1
энеид,1
рыт,1
хронологическ,1
бытописан,1
анекдот,1
ромул,1
ямб,1
хоре,1
гомер,1
феокрит,1
адам,1
смит,1
экон,1
государств,1
богатеет,1
продукт,1
отдава,1
недосуг,1
тверж,1
измлад,1
назон,1
страдальц,1
ревнова,1
разуверя,1
краснореч,1
небреж,1
стыдл,1
дерзок,1
изумля,1
отчаян,1
предубежден,1
побежда,1
требова,1
подслуша,1
преследова,1
уничтож,1
соперник,1
остава,1
фоблас,1
недоверчив,1
рогоносец,1
записочк,1
приглашен,1
поскачет,1
поспет,1
боливар,1
недремлющ,1
прозвон,1
бобров,1
воротник,1
talon,1
помча,1
каверин,1
потолок,1
комет,1
брызнул,1
ток,1
трюфл,1
страсбург,1
нетлен,1
лимбургск,1
ананас,1
бокал,1
жир,1
котлет,1
донос,1
законодател,1
непостоя,1
актрис,1
почетн,1
гражданин,1
охлопа,1
обшика,1
федр,1
моин,1
сатир,1
властелин,1
фонвизин,1
переимчив,1
княжнин,1
народн,1
рукоплескан,1
семенов,1
корнел,1
вывел,1
колк,1
шаховск,1
комед,1
узр,1
полет,1
партер,1
кресл,1
райк,1
плещут,1
взвивш,1
занавес,1
полувоздушн,1
смычк,1
истомин,1
кас,1
прыжок,1
эол,1
совьет,1
разовьет,1
кресел,1
скос,1
ярус,1
окинул,1
раскланя,1
взглянул,1
зевнул,1
терпел,1
амур,1
зме,1
скачут,1
лак,1
шуб,1
подъезд,1
спят,1
топа,1
сморка,1
кашля,1
шика,1
снаруж,1
внутр,1
прозябнув,1
упряж,1
ладон,1
вон,1
воспитанник,1
примерн,1
лондон,1
щепетильн,1
балтическ,1
сал,1
воз,1
париж,1
полезн,1
промысел,1
изобрета,1
философ,1
янтар,1
цареград,1
фарфор,1
бронз,1
хрустал,1
гребенк,1
пилочк,1
ножниц,1
щетк,1
мимоход,1
красноречив,1
защитник,1
дельн,1
деспот,1
чада,1
осужден,1
уборн,1
мужск,1
описыва,1
панталон,1
фрак,1
пестрет,1
заглядыва,1
академическ,1
поспеш,1
ямск,1
излива,1
радуг,1
усея,1
плошк,1
цельн,1
проф,1
подъеха,1
швейцар,1
взлетел,1
расправ,1
волос,1
гремет,1
бренчат,1
кавалергард,1
скрыпок,1
заглуш,1
вручен,1
предлож,1
предостереч,1
построж,1
дочерьм,1
избав,1
греш,1
погуб,1
бешен,1
обдума,1
безумец,1
забудеш,1
мнет,1
заточен,1
флор,1
пророчеству,1
неоценен,1
условн,1
эльвин,1
скатерт,1
зеркальн,1
завидова,1
леч,1
лобза,1
армид,1
терза,1
памятн,1
зажгл,1
прославля,1
болтлив,1
петербург,1
барабан,1
разносчик,1
бирж,1
тянет,1
извозчик,1
охтенк,1
хруст,1
трубн,1
столб,1
хлебник,1
немец,1
аккуратн,1
бумажн,1
утомлен,1
проснет,1
зá,1
неосторож,1
страсбургск,1
шампанск,1
облива,1
сыпа,1
болел,1
сабл,1
свинец,1
застрел,1
попробова,1
появля,1
бентам,1
непорочн,1
благочест,1
осмотрительн,1
красотк,1
отступник,1
запер,1
упорн,1
тош,1
цех,1
суж,1
принадлеж,1
похвальн,1
отряд,1
устав,1
вериг,1
задернул,1
траурн,1
тафт,1
услов,1
свергнув,1
брем,1
подруж,1
неподражательн,1
странност,1
озлобл,1
угас,1
слеп,1
фортун,1
грызет,1
прида,1
желч,1
отража,1
тюрьм,1
колодник,1
переклика,1
часов,1
дрожек,1
стук,1
лодк,1
весл,1
мах,1
плыл,1
дремлющ,1
вдалек,1
слащ,1
окта,1
адриатическ,1
брент,1
аполлон,1
наслаж,1
венецианк,1
плыв,1
гондол,1
обретут,1
взыва,1
ман,1
риз,1
распут,1
покинут,1
неприязнен,1
африк,1
развед,1
заимодавц,1
тяжб,1
наследств,1
предостав,1
потер,1
предузна,1
кончин,1
управител,1
прочт,1
приготовл,1
охотник,1
поп,1
разошл,1
жител,1
земел,1
расточител,1
дубров,1
карт,1
лирн,1
творческ,1
сплю,1
ловл,1
провел,1
праздност,1
разност,1
замысловат,1
слич,1
безбожн,1
намара,1
невозможн,1
мечтательн,1
беспеч,1
воспева,1
пленниц,1
нередк,1
волну,1
боготвор,1
испыта,1
сочета,1
удво,1
шеству,1
проясн,1
ищ,1
неокончен,1
ножек,1
погасш,1
пепел,1
грущ,1
утихнет,1
форм,1
назов,1
пересмотрел,1
противореч,1
исправ,1
цензур,1
заплач,1
журналист,1
съеден,1
новорожден,1
o,1
rus,1
hor,1
ру,1
огражден,1
пестрел,1
расширя,1
запущен,1
постро,1
замк,1
споко,1
штофн,1
цар,1
стен,1
печ,1
изразц,1
посел,1
старож,1
дав,1
дубов,1
дива,1
пятнышк,1
наливок,1
яблочн,1
владен,1
учред,1
барщин,1
оброк,1
улыбнул,1
задн,1
донск,1
жеребц,1
заслышат,1
дрог,1
прекрат,1
неуч,1
фармазон,1
стакан,1
скажет,1
прискака,1
красавец,1
кант,1
вольнолюбив,1
увянут,1
усп,1
лелея,1
заманчив,1
лома,1
чудес,1
подозрева,1
оков,1
разб,1
сосуд,1
бессмертн,1
неотразим,1
странствова,1
гет,1
воспламен,1
счастливец,1
постыд,1
младенц,1
нечт,1
поблекл,1
оцен,1
сенокос,1
псарн,1
общежит,1
прин,1
дочек,1
полурусск,1
взойдет,1
разлива,1
примеча,1
гитар,1
запищ,1
брак,1
знакомств,1
покороч,1
свест,1
взаимн,1
разнот,1
понрав,1
ка,1
неч,1
истреб,1
нул,1
единиц,1
двуног,1
твар,1
оруд,1
отлича,1
вчуж,1
зыбк,1
охладительн,1
минутн,1
влекл,1
веков,1
подверга,1
снисходительн,1
пустынник,1
ушед,1
двойк,1
вверя,1
прибегн,1
знам,1
угаснет,1
плам,1
своевольств,1
отзыв,1
усач,1
скрыва,1
разболта,1
высказыва,1
чужеземн,1
отрок,1
знав,1
хранительн,1
разделя,1
родител,1
ландыш,1
потаен,1
трав,1
мотыльк,1
подар,1
одушев,1
цевниц,1
стон,1
тускл,1
льнян,1
старш,1
освят,1
приста,1
привлекл,1
колыбельн,1
течен,1
игл,1
пяльц,1
полотн,1
прилич,1
собира,1
горелк,1
утех,1
предупрежда,1
исчеза,1
светлеет,1
вестник,1
всход,1
полмир,1
заменя,1
прошедш,1
чит,1
игрушк,1
прочл,1
гвард,1
сержант,1
повезл,1
рвал,1
хозяйств,1
привыкл,1
свыш,1
услад,1
отразим,1
утеш,1
самодержавн,1
управля,1
стат,1
гриб,1
брил,1
лбы,1
служанок,1
осерд,1
писыва,1
полин,1
прасков,1
произнос,1
стишк,1
акульк,1
селин,1
обнов,1
ват,1
шлафор,1
верова,1
нецеремон,1
потуж,1
позлослов,1
посмея,1
прикажут,1
маслениц,1
блин,1
говел,1
качел,1
подблюдн,1
троицын,1
молеб,1
пучок,1
слезк,1
квас,1
потреб,1
старел,1
оплака,1
грешник,1
господн,1
бригадир,1
камн,1
вкуша,1
пенат,1
возвращен,1
пепл,1
poor,1
yorick,1
ун,1
держа,1
детств,1
очаковск,1
медал,1
начерта,1
надпис,1
жизнен,1
жатв,1
провиден,1
падут,1
вытесн,1
привяза,1
вежд,1
неприметн,1
тронет,1
сохранен,1
потонет,1
лестн,1
укажет,1
прославлен,1
благодарен,1
аонид,1
потреплет,1
лавр,1
fille,1
amoureuse,1
malfilâtre,1
убива,1
усерд,1
ненавиж,1
едеш,1
филлид,1
нет,1
примут,1
расточ,1
гостеприимн,1
угощен,1
столик,1
вощан,1
опор,1
андрюшк,1
надела,1
неужт,1
выбра,1
вандиков,1
мадон,1
произвел,1
впечатлен,1
развлекл,1
толкова,1
утвержда,1
слаж,1
остановл,1
колец,1
зарон,1
влюб,1
зерн,1
оживл,1
сгор,1
алка,1
пищ,1
одинок,1
прислуг,1
унын,1
продолжительн,1
одушевлен,1
вертер,1
мученик,1
бесподобн,1
облекл,1
воображ,1
возлюблен,1
творц,1
кларис,1
дельфин,1
ищет,1
полнот,1
наизуст,1
настро,1
одаря,1
неправедн,1
привлекательн,1
жертвова,1
любез,1
торжеств,1
британск,1
отроковиц,1
бродяг,1
жид,1
сбогар,1
удачн,1
облек,1
безнадежн,1
эгоизм,1
всел,1
фебов,1
презр,1
униж,1
займет,1
злодейств,1
условлен,1
ручейк,1
примирен,1
повед,1
отвык,1
погибнеш,1
зовеш,1
пьеш,1
яд,1
преслед,1
приподня,1
замерл,1
обход,1
древес,1
сяд,1
поговор,1
согна,1
покойниц,1
свекров,1
свах,1
кос,1
расплел,1
церков,1
повел,1
ввел,1
тошн,1
рыда,1
окропл,1
дряхл,1
горест,1
распущен,1
влас,1
скамейк,1
платк,1
телогрейк,1
вдохновительн,1
бумаг,1
подвин,1
ляг,1
необдума,1
недоступн,1
неумолим,1
неподкупн,1
непостижим,1
спес,1
добродетел,1
природн,1
мнит,1
пуг,1
легковерн,1
ослеплен,1
виновн,1
влечен,1
легкомысл,1
безусловн,1
отлож,1
умнож,1
завед,1
кольн,1
вырва,1
затруднен,1
благонамерен,1
шлю,1
владе,1
искажа,1
сойт,1
семинарист,1
желт,1
академик,1
приуч,1
введут,1
употреблен,1
неточн,1
выговор,1
произведут,1
раская,1
богданович,1
отказа,1
парн,1
просьб,1
перелож,1
отвыкнув,1
финск,1
начита,1
увлекательн,1
вредн,1
неполн,1
список,1
фрейшиц,1
перст,1
учениц,1
редк,1
нелюд,1
вышн,1
незрим,1
обомлел,1
помога,1
молитв,1
волнуем,1
виден,1
мелькнул,1
приникнул,1
изголов,1
отнын,1
вруча,1
защит,1
вообраз,1
рассудок,1
изнемога,1
гибнут,1
перерв,1
заслужен,1
конча,1
вздохнет,1
охнет,1
облатк,1
воспален,1
головушк,1
сорочк,1
яснеет,1
засеребр,1
пастуш,1
селянин,1
напира,1
печат,1
вырезн,1
отпир,1
филипьевн,1
пташк,1
мак,1
прикаж,1
откаж,1
велет,1
перечест,1
тупеет,1
востр,1
гнева,1
побледнел,1
протек,1
вспыхнув,1
задрожа,1
обеща,1
задержа,1
смерка,1
шипел,1
китайск,1
чайник,1
нагрев,1
разлит,1
сливк,1
ныл,1
заст,1
прыг,1
обежа,1
мостик,1
лужок,1
сир,1
перелома,1
цветник,1
задых,1
гряд,1
сбира,1
основа,1
зате,1
девушек,1
душеньк,1
подруженьк,1
разгуля,1
затян,1
завид,1
разбежимт,1
закида,1
малин,1
смородин,1
подслушива,1
подсматрива,1
небрежен,1
нетерпен,1
пылан,1
радужн,1
школьн,1
зайчик,1
оз,1
припадш,1
стрелк,1
вздохнул,1
повернул,1
обожж,1
погуля,1
доконч,1
morale,1
est,1
nature,1
choses,1
necker,1
наслажд,1
обезья,1
хвален,1
дедовск,1
время,1
уничтожа,1
молен,1
надзор,1
заблужден,1
необузда,1
избалова,1
роптан,1
подавл,1
откажут,1
утеша,1
засыпа,1
ввечер,1
девическ,1
возмут,1
безгрешн,1
обманут,1
перелет,1
отпира,1
излиян,1
отплач,1
огранич,1
повелел,1
блесток,1
мадригальн,1
нашед,1
созда,1
недостоин,1
супружеств,1
привыкнув,1
разлюбл,1
заготов,1
гимен,1
хуж,1
недостойн,1
проклин,1
обновл,1
деревц,1
поймет,1
проповедова,1
машинальн,1
головк,1
вздума,1
пеня,1
благородств,1
недоброхотств,1
сяк,1
недар,1
усыпля,1
чердак,1
врал,1
рожден,1
нелепиц,1
порядочн,1
повтор,1
угодн,1
обяза,1
рождеств,1
поздравля,1
остальн,1
родств,1
сохраня,1
своенрав,1
легок,1
увлеч,1
сата,1
сеет,1
лелеет,1
искател,1
достопочтен,1
пущ,1
меркнет,1
увяда,1
бледнеет,1
кач,1
развесел,1
потемк,1
дво,1
развит,1
целова,1
нравоучительн,1
пропуска,1
покрасн,1
уедин,1
шахматн,1
пешк,1
храм,1
краск,1
пониж,1
подпис,1
подружк,1
измара,1
назл,1
правописан,1
внес,1
уменьш,1
продолж,1
листик,1
ces,1
tablettes,1
подп,1
annette,1
непремен,1
факел,1
цветк,1
прочтет,1
армейск,1
подмахнул,1
стишок,1
злодейск,1
усердн,1
станут,1
совра,1
библиотек,1
украшен,1
кист,1
чудотворн,1
сожжет,1
поеш,1
драгоцен,1
повелева,1
сброс,1
перестаньт,1
квака,1
жалет,1
пойт,1
укажеш,1
личин,1
кинжа,1
прикажеш,1
ничут,1
мощн,1
сатирик,1
лирик,1
жалк,1
ссор,1
слезн,1
гармоническ,1
забредш,1
трагед,1
слета,1
терпен,1
опиш,1
анахорет,1
налегк,1
гюльнар,1
подраж,1
геллеспонт,1
переплыва,1
выпива,1
белянк,1
черноок,1
узд,1
ретив,1
прихотлив,1
нечувствительн,1
мелькнет,1
дыша,1
реж,1
солнышк,1
криклив,1
карава,1
тянул,1
ноябр,1
волчих,1
осторожн,1
кор,1
хлев,1
кружок,1
распев,1
прядет,1
лучинк,1
трещат,1
опрятн,1
мальчишек,1
режет,1
гу,1
плыт,1
ступа,1
нагот,1
притуплен,1
подков,1
зацепл,1
жди,1
упадет,1
прадт,1
walter,1
scott,1
пе,1
пройдет,1
проведеш,1
чильд,1
погружен,1
вооружен,1
шар,1
оставл,1
чал,1
обеда,1
вдов,1
моэт,1
ипокрен,1
лепт,1
желудк,1
предпочел,1
способ,1
завсегд,1
подернут,1
заметн,1
виет,1
теплот,1
трубок,1
кубок,1
врак,1
нал,1
похорошел,1
заед,1
обяжеш,1
заглянул,1
покажеш,1
болва,1
зван,1
осуш,1
приношен,1
таков,1
брачны,1
хлопот,1
зрим,1
угомон,1
впивш,1
жалок,1
предвид,1
чье,1
оп,1
остуд,1
запрет,1
жуковск,1
выпа,1
январ,1
проснувш,1
побелевш,1
устла,1
крестьянин,1
дровн,1
лошадк,1
рыс,1
взрыв,1
ямщик,1
облучк,1
тулуп,1
кушак,1
салазк,1
жучк,1
преобраз,1
замороз,1
привлекут,1
изящн,1
живописа,1
оттенк,1
рису,1
борот,1
намер,1
финляндк,1
мглу,1
торжествова,1
карточн,1
гадан,1
провозглаша,1
печк,1
мурлыч,1
рыльц,1
мыл,1
несомнен,1
двурог,1
бледнел,1
падуч,1
летел,1
шепнут,1
монах,1
заяц,1
перебега,1
сотвор,1
противуреч,1
святк,1
необозрим,1
воск,1
вылит,1
вынул,1
колечк,1
гребут,1
лопат,1
жалостн,1
дивн,1
течет,1
платьиц,1
прохож,1
цыпочк,1
голосок,1
свирельн,1
сбир,1
приказа,1
светлан,1
поясок,1
снял,1
лел,1
утихл,1
полян,1
мгло,1
снежн,1
кипуч,1
скова,1
жердочк,1
скле,1
льдин,1
гибельн,1
шумя,1
пучин,1
ропщет,1
зашевел,1
взъерошен,1
ревет,1
лап,1
когт,1
протянул,1
скреп,1
перебра,1
поспешн,1
ускоря,1
лаке,1
убежа,1
нахмурен,1
отягч,1
осин,1
берез,1
стремнин,1
рыхл,1
зацеп,1
серьг,1
вырвет,1
хрупк,1
увязнет,1
мокр,1
башмачок,1
вырон,1
шевельнет,1
дохнет,1
мчит,1
дер,1
окошк,1
промолв,1
кум,1
погр,1
немножк,1
опомн,1
щелк,1
чудовищ,1
собач,1
морд,1
петуш,1
коз,1
бород,1
хвостик,1
рак,1
паук,1
гусин,1
вприсядк,1
пляшет,1
свист,1
подаст,1
хлопочут,1
пьют,1
засмеет,1
хохочут,1
молчат,1
раствор,1
дунул,1
загаш,1
светильник,1
домов,1
сверк,1
тороплив,1
закрича,1
адск,1
копыт,1
хобот,1
хвост,1
хохлат,1
клык,1
кровав,1
костян,1
указ,1
тьме,1
увлека,1
шатк,1
замахнул,1
незван,1
нож,1
поверж,1
сгуст,1
нестерпим,1
аврор,1
ласточк,1
влета,1
вымысл,1
виргил,1
расин,1
скотт,1
сенек,1
халдейск,1
гадател,1
толковател,1
завез,1
мальвин,1
уступ,1
полтин,1
придач,1
бас,1
петриад,1
мармонтел,1
любимец,1
безотлучн,1
значен,1
оглавлен,1
азбучн,1
бор,1
еж,1
зловещ,1
приключен,1
беспоко,1
съеха,1
возк,1
бричк,1
передн,1
толкотн,1
мосек,1
чмокан,1
давк,1
шаркан,1
кормилиц,1
дородн,1
превосходн,1
владелец,1
нищ,1
скотинин,1
франтик,1
двоюродн,1
козырьк,1
отставн,1
советник,1
плут,1
обжор,1
взяточник,1
панф,1
остряк,1
тамбов,1
рыж,1
карман,1
endormie,1
ветх,1
догадлив,1
nina,1
tatiana,1
созревш,1
матушек,1
ротн,1
командир,1
полков,1
полковник,1
жужж,1
умолкл,1
жуют,1
тарелк,1
подъемлют,1
пищат,1
темнеющ,1
бедняжк,1
упаст,1
рассудк,1
превозмогл,1
тишк,1
усидел,1
терпет,1
негоду,1
покля,1
отомст,1
пересолен,1
засмолен,1
цимлянск,1
зиз,1
приманчив,1
фиа,1
хлопнул,1
мучим,1
запел,1
фальшив,1
принужд,1
велик,1
поздравлен,1
дошл,1
отт,1
кокетству,1
изъяв,1
отдвинут,1
лаком,1
ул,1
соп,1
камельк,1
уголк,1
раскрыт,1
ломбер,1
знаменит,1
сынов,1
роберт,1
сыгра,1
переменя,1
определя,1
желудок,1
вед,1
кушан,1
божествен,1
омир,1
фагот,1
флейт,1
обрадова,1
ром,1
парис,1
окружн,1
городк,1
переспел,1
тамбовск,1
умча,1
пустяков,1
высыпа,1
врод,1
альба,1
узеньк,1
заблужда,1
отступлен,1
очища,1
приближ,1
усмех,1
гремел,1
треща,1
трясл,1
дребезжа,1
лаков,1
первоначальн,1
припрыжк,1
лих,1
россия,1
братец,1
подвел,1
наклон,1
румянец,1
вспыхнул,1
пеленок,1
науч,1
снест,1
удар,1
клян,1
скачет,1
разрешат,1
sotto,1
giorni,1
nubilosi,1
e,1
brevi,1
nasce,1
una,1
gente,1
cuil,1
morir,1
dole,1
petr,1
стелют,1
нуж,1
улегл,1
столов,1
фуфайк,1
объят,1
появлен,1
бездн,1
чернеет,1
погибн,1
ропщ,1
ропта,1
дат,1
истор,1
красногор,1
буя,1
картежн,1
атама,1
трибун,1
трактирн,1
исправля,1
льстив,1
храброст,1
выхваля,1
туз,1
сажен,1
настоя,1
калмыцк,1
свал,1
зюз,1
драг,1
регул,1
осуша,1
трун,1
дурак,1
явн,1
исподтишк,1
штук,1
впросак,1
простак,1
смолча,1
повздор,1
барьер,1
помир,1
даб,1
позавтрака,1
втро,1
обесслав,1
вран,1
sel,1
alia,1
tempora,1
черемух,1
акац,1
укр,1
капуст,1
развод,1
азбук,1
уваж,1
здрав,1
удовольств,1
прерва,1
начат,1
осклаб,1
коротк,1
выз,1
картел,1
поручен,1
оборот,1
лишн,1
подел,1
призва,1
обвиня,1
подшут,1
простительн,1
мячик,1
бойц,1
обнаруж,1
щетин,1
звер,1
обезоруж,1
вмеша,1
дуэлист,1
хохотн,1
обществен,1
пружин,1
велеречив,1
ревнивц,1
отшут,1
уловк,1
взвест,1
ляжк,1
висок,1
махнул,1
напоследок,1
очут,1
соседок,1
пораз,1
прыгнул,1
оленькин,1
помут,1
прощен,1
вчерашн,1
спасител,1
потерпл,1
развратител,1
искуша,1
черв,1
ядовит,1
точ,1
стебелек,1
двухутрен,1
полураскрыт,1
стреля,1
жгла,1
заспор,1
открыва,1
клавикорд,1
аккорд,1
разрыва,1
осмотрел,1
влож,1
свечк,1
закрыва,1
чепух,1
звучат,1
льют,1
вслух,1
лирическ,1
дельвиг,1
грядущ,1
пронзен,1
пролет,1
бден,1
определен,1
блеснет,1
заутр,1
заигра,1
гробниц,1
сойд,1
поглот,1
забудет,1
придеш,1
прол,1
вял,1
задрема,1
обаян,1
воззван,1
ошиба,1
спал,1
редеют,1
веспер,1
перелетн,1
раздвинул,1
вбега,1
предлага,1
бегов,1
лепаж,1
отъеха,1
дубк,1
плотин,1
механик,1
жерн,1
извинен,1
классик,1
метод,1
растянут,1
позволя,1
правил,1
похвал,1
guillot,1
представлен,1
неизвестн,1
закус,1
отвел,1
трапез,1
наследствен,1
засмея,1
обагр,1
разойт,1
полюбовн,1
ложн,1
шомпол,1
молоток,1
щелкнул,1
порох,1
сероват,1
сыплет,1
зубчат,1
ввинчен,1
кремен,1
взвед,1
броса,1
отмер,1
точност,1
походк,1
ровн,1
перешл,1
престав,1
наступа,1
жмур,1
урочн,1
изобража,1
скат,1
спада,1
глыб,1
обл,1
безвремен,1
навылет,1
кипел,1
замолкл,1
закрыт,1
мел,1
забел,1
дерзк,1
оплошн,1
зрет,1
бодлив,1
узнава,1
завоет,1
сдур,1
лоб,1
расстоян,1
отосла,1
безделиц,1
овладеет,1
костенеет,1
отчая,1
приз,1
угрызен,1
стиснув,1
содроган,1
труп,1
оледенел,1
везет,1
мочат,1
уд,1
стремлен,1
неземн,1
гремуч,1
непрерывн,1
страдальческ,1
унесл,1
погиб,1
животворя,1
домч,1
удел,1
юношеств,1
рогат,1
стеган,1
подагр,1
толстел,1
хирел,1
плаксив,1
лекар,1
мечтател,1
приятельск,1
влев,1
питомец,1
корн,1
сросл,1
изв,1
пахар,1
жниц,1
погружа,1
поставл,1
злак,1
плет,1
лапот,1
волжск,1
рыбар,1
горожанк,1
провожд,1
ремя,1
натянув,1
флер,1
отвернув,1
бегл,1
беглец,1
отчет,1
возвращ,1
упован,1
элегическ,1
созна,1
оглян,1
сыска,1
гонен,1
грибоед,1
окрестн,1
мутн,1
сине,1
зеленеют,1
восков,1
сохнут,1
пестреют,1
безмолв,1
наслажда,1
дуновен,1
веющ,1
раду,1
сближа,1
увядан,1
привод,1
ленивц,1
счастливц,1
птенц,1
приам,1
гулян,1
нагружен,1
тян,1
коляск,1
выписн,1
град,1
дубравн,1
отшельник,1
ви,1
цветет,1
шиповник,1
ключев,1
сос,1
пришельц,1
преклонен,1
ветерок,1
кача,1
заглох,1
венк,1
обув,1
увлек,1
усып,1
стыдлив,1
потуплен,1
предел,1
вечност,1
бесчувств,1
молкнет,1
непристойн,1
облив,1
бледност,1
стольк,1
наперсниц,1
разлуч,1
облегчен,1
подавлен,1
рвет,1
одиночеств,1
пронесл,1
меркл,1
жук,1
жужжа,1
рыбач,1
серебрист,1
обвод,1
кинул,1
испуга,1
реб,1
драк,1
разогна,1
псов,1
смят,1
канап,1
манежн,1
хлыстик,1
сижива,1
обедыва,1
приказчик,1
жива,1
воскресен,1
дурачк,1
косточк,1
бесцен,1
полумучительн,1
крова,1
полусвет,1
столбик,1
сжат,1
пилигримк,1
скрыв,1
вздохнут,1
обратн,1
позволен,1
оставлен,1
выбор,1
издавн,1
опал,1
исключ,1
гяур,1
жуа,1
отраз,1
современ,1
безнравствен,1
себялюбив,1
озлоблен,1
действ,1
отметк,1
устремл,1
соглаша,1
вопросительн,1
крючк,1
властн,1
подражан,1
москвич,1
гарольдов,1
истолкован,1
лексикон,1
найд,1
ждут,1
пристро,1
наотрез,1
нейд,1
свата,1
отказ,1
иван,1
петушков,1
пыхтин,1
прельща,1
пойдет,1
ав,1
вроз,1
ярманк,1
слышн,1
доход,1
взайм,1
сочл,1
отправ,1
взыскательн,1
склад,1
цирц,1
встав,1
озир,1
стремл,1
длят,1
холмик,1
беседова,1
нагон,1
зав,1
повисл,1
дуб,1
волнист,1
сравня,1
пухл,1
пелен,1
подыша,1
отъезд,1
просроч,1
осмотр,1
упроч,1
брошен,1
обоз,1
обычн,1
везут,1
пожитк,1
кастрюльк,1
сундук,1
банк,1
тюфяк,1
перин,1
клетк,1
горшк,1
таз,1
прощальн,1
боярск,1
впряга,1
завтрак,1
повар,1
нагружа,1
тощ,1
форейтор,1
бородат,1
челяд,1
бар,1
ползет,1
отдвин,1
границ,1
расчислен,1
таблиц,1
пятьсот,1
шосс,1
пересекут,1
шагнут,1
дуг,1
раздвин,1
проро,1
дерзостн,1
заведет,1
крещен,1
гниют,1
клоп,1
блох,1
заснут,1
дают,1
прейскурант,1
вис,1
тщетн,1
дразн,1
аппет,1
циклоп,1
медлительн,1
лечат,1
молотк,1
издел,1
благословл,1
рвы,1
отеческ,1
гладк,1
автомедон,1
бойк,1
неутомим,1
теш,1
прогон,1
наслад,1
суток,1
белокамен,1
братц,1
довол,1
церкв,1
отозва,1
коленопреклонен,1
кремл,1
повин,1
приемн,1
столп,1
белеют,1
тверск,1
ухаб,1
будк,1
лавк,1
монастыр,1
бухарц,1
лачужк,1
башн,1
казак,1
аптек,1
магазин,1
львы,1
ста,1
галок,1
харитон,1
переулк,1
изорва,1
кафтан,1
чулк,1
простерт,1
диван,1
надолг,1
подойд,1
бреж,1
симеон,1
сочельник,1
навест,1
покаж,1
разъезжа,1
моч,1
таска,1
замуч,1
никуд,1
годн,1
утомл,1
раскашля,1
новосел,1
привыкш,1
горниц,1
занавеск,1
предтеч,1
редеет,1
конюшн,1
родствен,1
развоз,1
приб,1
издалеч,1
выросл,1
драл,1
пряник,1
корм,1
перем,1
тюлев,1
лукер,1
львовн,1
петровн,1
ива,1
скуп,1
пелаг,1
николавн,1
финмуш,1
шпиц,1
член,1
исправн,1
ест,1
обнима,1
грац,1
озира,1
недурн,1
покорству,1
дружат,1
жмут,1
взбива,1
прикрас,1
отплат,1
лепетан,1
участ,1
вслуша,1
бессвязн,1
клевещут,1
сухост,1
расспрос,1
сплет,1
сутк,1
невзнача,1
наобум,1
улыбнет,1
архивн,1
прислон,1
поправ,1
осведомля,1
мельпом,1
протяжн,1
во,1
мант,1
мишурн,1
кресельн,1
привоз,1
грохот,1
блистан,1
людьм,1
пестреющ,1
обширн,1
кажут,1
нахальств,1
невнимательн,1
отпускн,1
спешат,1
прогремет,1
улетет,1
воздушн,1
синев,1
каса,1
заплат,1
беготн,1
галоп,1
колон,1
замечаем,1
поселян,1
мигнул,1
локт,1
враз,1
кучк,1
мундир,1
бок,1
направ,1
эпическ,1
посох,1
вко,1
вкрив,1
обуз,1
классицизм,1
вступлен,1
and,1
if,1
still,1
byron,1
лице,1
расцвета,1
апуле,1
лебедин,1
студенческ,1
окрыл,1
державин,1
вмен,1
произвол,1
полуночн,1
вакханочк,1
чаш,1
молодеж,1
волшебств,1
ленор,1
немолчн,1
нереид,1
хвалебн,1
бродя,1
одича,1
скудн,1
привож,1
робост,1
гляж,1
аристократ,1
дипломат,1
любу,1
плат,1
олигархическ,1
страждущ,1
спе,1
усмир,1
корч,1
космополит,1
патриот,1
квакер,1
ханж,1
маск,1
щегольнет,1
обветшал,1
отзыва,1
хлопоч,1
оскорбля,1
смеш,1
зла,1
смолод,1
воврем,1
созрел,1
вытерпет,1
предава,1
чужда,1
хват,1
пятьдес,1
обманул,1
истлел,1
гнил,1
идт,1
просл,1
сатаническ,1
урод,1
демон,1
займ,1
дож,1
двадцат,1
служб,1
беспокойств,1
мучительн,1
свойств,1
немног,1
странств,1
доступн,1
чацк,1
заколеба,1
нетороплив,1
нагл,1
притязан,1
ужимок,1
подражательн,1
снимок,1
шишк,1
подвига,1
вошедш,1
самовластн,1
воронск,1
затм,1
неотвязчив,1
малинов,1
испанск,1
аг,1
пост,1
представл,1
подвод,1
содрогнул,1
обрест,1
завест,1
откуд,1
скользнул,1
нравоучен,1
наставлен,1
наруж,1
пренебрега,1
задумч,1
встревож,1
суетност,1
счита,1
дождет,1
дню,1
выезжа,1
нейдут,1
неловк,1
неприятн,1
вспомина,1
крупн,1
педантств,1
образц,1
необходим,1
пожил,1
злы,1
посланник,1
государствен,1
седин,1
падк,1
господин,1
хозяйск,1
плоскост,1
сестриц,1
пролас,1
низост,1
притуп,1
диктатор,1
бальн,1
картинк,1
румя,1
вербн,1
херув,1
затянут,1
путешественник,1
залетн,1
перекрахмален,1
наха,1
заботн,1
обменен,1
несмел,1
царствен,1
прародительниц,1
эв,1
непреста,1
древ,1
запретн,1
рол,1
утеснительн,1
прием,1
законодательниц,1
морф,1
благотворн,1
свежеют,1
могущ,1
дает,1
поворот,1
болот,1
помышлен,1
стекля,1
подъезжа,1
накинет,1
коснет,1
раздвинет,1
ливр,1
подымет,1
бе,1
умр,1
принима,1
кокетств,1
терп,1
врач,1
упр,1
надеет,1
невмоч,1
изобраз,1
повер,1
посмел,1
от,1
оторва,1
ошиб,1
следова,1
замира,1
наудач,1
трач,1
отсчита,1
тягостн,1
измер,1
продл,1
гневн,1
смиря,1
колен,1
зарыда,1
изл,1
выраз,1
хлад,1
вооружа,1
против,1
навстреч,1
впер,1
зорк,1
сострадан,1
пятн,1
боязн,1
слабост,1
отрек,1
гнал,1
заперл,1
гиббон,1
манзон,1
гердер,1
шамфор,1
стаел,1
тисс,1
скептическ,1
фонтенел,1
отверг,1
поучен,1
духовн,1
углубл,1
впада,1
мечет,1
фараон,1
спящ,1
трус,1
изменниц,1
теря,1
сворот,1
одолж,1
магнетизм,1
механизм,1
постиг,1
мурлыка,1
мчал,1
нагрет,1
разреша,1
сошел,1
заперт,1
зимова,1
сурок,1
камелек,1
иссечен,1
льдах,1
тает,1
разрыт,1
неисправлен,1
мертвец,1
прихож,1
дальш,1
убра,1
вздрогнул,1
удивлен,1
угасш,1
внятн,1
воскресл,1
отыма,1
бесчувствен,1
встаньт,1
объясн,1
откровен,1
свел,1
выслуша,1
стынет,1
благодарн,1
преследует,1
изувеч,1
позор,1
обществ,1
принест,1
знайт,1
колкост,1
обидн,1
уважен,1
малост,1
пышност,1
мишур,1
вихр,1
ветош,1
чад,1
жилищ,1
кладбищ,1
заклинан,1
ушл,1
ощущен,1
незапн,1
татьянин,1
ур,1
отдохновен,1
ошибок,1
развлечен,1
сшибок,1
крупиц,1
расстан,1
спутник,1
постоя,1
завидн,1
магическ,1
дорисова,1
образова,1
рок,1
отъя,1
доп,1
дна,1
дочел,1
особ,1
пропущен,1
неоднократн,1
порицан,1
насмешк,1
остроумн,1
зависел,1
означ,1
выпущен,1
точк,1
цифр,1
избежан,1
соблазн,1
выстав,1
нумер,1
пожертвова,1
окончательн,1
девя,1
написа,1
вынос,1
иб,1
переход,1
необъяснен,1
облича,1
опытн,1
художник,1
некотор,1
помеща,1
присовокуп,1
нижн,1
новгород,1
макар,1
обил,1
жемчуг,1
индеец,1
поддельн,1
европеец,1
табун,1
бракован,1
пригна,1
заводчик,1
колод,1
горст,1
кост,1
спел,1
прошлогодн,1
всюд,1
меркантильн,1
астрахан,1
оттуд,1
терек,1
роет,1
орел,1
державн,1
олен,1
верблюд,1
утес,1
черкес,1
пасут,1
овц,1
кавказск,1
громад,1
естествен,1
преград,1
арагв,1
кур,1
узрел,1
сторож,1
стеснен,1
бешт,1
остроконечн,1
зеленеющ,1
подател,1
целебн,1
почечу,1
страдалец,1
нит,1
укреп,1
обид,1
помолодет,1
дымн,1
отуман,1
откупщик,1
тульск,1
заседател,1
паралич,1
ревматизм,1
создател,1
крепк,1
ждат,1
атрид,1
пилад,1
заколол,1
митридат,1
мицкевич,1
прибрежн,1
литв,1
предста,1
брачн,1
разостла,1
перед,1
хижинок,1
забуд,1
жемчужн,1
подмеша,1
песчан,1
косогор,1
рябин,1
калитк,1
слома,1
сереньк,1
гумн,1
солом,1
пруд,1
ив,1
раздол,1
балалайк,1
трепак,1
кабак,1
ще,1
горшок,1
дождлив,1
намедн,1
завернув,1
тьфу,1
прозаическ,1
фламандск,1
сор,1
расцвет,1
фонта,1
бахчисар,1
навел,1
скит,1
хлопотлив,1
пестреет,1
разнообразн,1
славянин,1
испанец,1
армянин,1
грек,1
молдава,1
египетск,1
отставк,1
мора,1
туманск,1
взира,1
одесск,1
насильствен,1
несвязн,1
солга,1
потопл,1
запруж,1
загрязнут,1
ходул,1
пешеход,1
дерза,1
тонут,1
вязнут,1
сменя,1
дроб,1
молот,1
покроет,1
кован,1
брон,1
недостаток,1
потребн,1
пошлин,1
пушк,1
зорев,1
грянет,1
сбег,1
раскален,1
солен,1
мусульма,1
гущ,1
пью,1
casino,1
чашек,1
маркер,1
метл,1
запестрел,1
отваг,1
флаг,1
проведа,1
товар,1
карантин,1
бочк,1
ждан,1
чум,1
голод,1
ребят,1
цареградск,1
обжорлив,1
глота,1
раковин,1
затворниц,1
обрызнут,1
лимон,1
погреб,1
отон,1
счет,1
невидим,1
темнеет,1
опер,1
упоительн,1
россин,1
баловен,1
орф,1
поцелу,1
зашипевш,1
брызг,1
позвол,1
равня,1
разыскательн,1
закулисн,1
prima,1
donna,1
негоциантк,1
каватин,1
впросонк,1
фор,1
закрич,1
зевнет,1
захрап,1
фина,1
пустеет,1
авзон,1
мот,1
затверд,1
речитат,1
бездыхан,1
взошл,1
примечан,1
сверх,1
побужда,1
признава,1
одинаков,1
равнодуш,1
превосходств,1
бесараб,1
выставля,1
напоказ,1
апломб,1
судя,1
bolivar,1
ростбиф,1
мясн,1
антраш,1
фигур,1
необыкновен,1
нежел,1
литератур,1
tout,1
monde,1
sut,1
mettait,1
en,1
croyais,1
rien,1
cомменза,1
seulement,1
par,1
embellissement,1
son,1
teint,1
pour,1
avoir,1
trouvé,1
tasses,1
toilette,1
mais,1
ce,1
entrant,1
matin,1
chambre,1
trouvai,1
brossant,1
petite,1
vergette,1
faite,1
еxприс,1
ouvrage,1
continua,1
фииремент,1
devant,1
jugeai,1
homme,1
passe,1
deux,1
heures,1
tous,1
matins,1
brosser,1
peut,1
bien,1
passer,1
quelques,1
instants,1
remplir,1
creux,1
peau,1
confessions,1
rousseau,1
догадыва,1
улучшен,1
баночк,1
зайд,1
помощ,1
специальн,1
присутств,1
потрат,1
замаза,1
белил,1
недостатк,1
кож,1
оперед,1
форточк,1
немецк,1
ист,1
дас,1
обозначен,1
немц,1
торговл,1
лавочк,1
прода,1
булк,1
ироническ,1
соотечественниц,1
буа,1
укоризн,1
лудовик,1
соединя,1
чистот,1
dix,1
années,1
exil,1
изгнан,1
идилл,1
гнедич,1
меркнут,1
златист,1
полос,1
облак,1
дальност,1
взмор,1
сребрист,1
плывущ,1
бессумрачн,1
пурпур,1
слива,1
годин,1
похища,1
владычеств,1
иноземц,1
украш,1
полудн,1
оттеня,1
рус,1
петропол,1
филомел,1
полночн,1
приветству,1
восходя,1
повея,1
тундр,1
рос,1
шумевш,1
тысяч,1
колыхнет,1
разъеха,1
влаг,1
изредк,1
гул,1
пробеж,1
протяжен,1
промч,1
оклика,1
ратн,1
въяв,1
зрит,1
бессон,1
назван,1
октав,1
итальянск,1
эпох,1
торкват,1
тасс,1
творчеств,1
крым,1
наибол,1
либеральн,1
днепровск,1
русалк,1
греческ,1
каков,1
например,1
филат,1
фекл,1
простолюдин,1
si,1
j,1
avais,1
folie,1
bonheur,1
chercherais,1
habitude,1
безрассудств,1
иорик,1
гамлет,1
шекспир,1
стерн,1
нарцисс,1
жанр,1
идиллическ,1
пастушеск,1
содержан,1
разобра,1
анахронизм,1
расчисл,1
элоиз,1
cottin,1
густа,1
баронесс,1
крюднер,1
приписа,1
гениальн,1
произведен,1
матюрин,1
jean,1
sbogar,1
lasciate,1
ogni,1
speranza,1
voi,1
ch,1
entrate,1
входя,1
издава,1
измайлов,1
неисправн,1
извиня,1
выражен,1
нравствен,1
вещ,1
финансист,1
революц,1
прозвищ,1
афродит,1
удивля,1
крестьянк,1
ката,1
п,1
август,1
лафонт,1
финляндск,1
эд,1
печурк,1
предвещан,1
предрека,1
неудачн,1
нововведен,1
корен,1
услыша,1
королевич,1
простореч,1
хлопан,1
шипен,1
древн,1
неблагопристойн,1
фирм,1
ломоносов,1
пришел,1
небрит,1
растрепа,1
сонливиц,1
почитател,1
неприлич,1
сег,1
облачн,1
умира,1
петр,1
арк,1
парижск,1
грибоедов,1
ружейн,1
мастер,1
оканчива,1
бездушн,1
гордец,1
малодушн,1
шальн,1
балова,1
злоде,1
привязчив,1
богомольн,1
жестокосердн,1
хозяйствен,1
дерн,1
канав,1
проезд,1
подчас,1
проезж,1
барыш,1
скажеш,1
проходя,1
опустошительн,1
набег,1
льдист,1
запорош,1
песк,1
проймет,1
засух,1
луж,1
пройт,1
зажмур,1
сравнен,1
изображен,1
рассказыва,1
курьер,1
потемкин,1
императриц,1
шпаг,1
высунувш,1
тележк,1
стуча,1
частокол,1
пашеньк,1
англ,1
апул,1
марк,1
тулл,1
rout,1
танц,1
вульгарн,1
отличн,1
